entity,etype,qsl
http://purl.obolibrary.org/obo/RO_0002000,ObjectProperty,2d_boundary_of
http://purl.obolibrary.org/obo/pato#abnormal_slim,AnnotationProperty,abnormal_slim_pato
http://xmlns.com/foaf/0.1/account,ObjectProperty,account
http://xmlns.com/foaf/0.1/accountName,DataProperty,account_name
http://xmlns.com/foaf/0.1/accountServiceHomepage,ObjectProperty,account_service_homepage
http://purl.obolibrary.org/obo/RO_0002457,ObjectProperty,acquires_nutrients_from
http://purl.obolibrary.org/obo/RO_0002249,ObjectProperty,active_ingredient
http://purl.obolibrary.org/obo/RO_0002217,ObjectProperty,actively_participates_in
http://purl.obolibrary.org/obo/RO_0002449,ObjectProperty,activity_directly_negatively_regulates_activity_of
http://purl.obolibrary.org/obo/RO_0002450,ObjectProperty,activity_directly_positively_regulates_activity_of
http://purl.obolibrary.org/obo/RO_0002448,ObjectProperty,activity_directly_regulates_activity_of
http://purl.obolibrary.org/obo/RO_0002263,ObjectProperty,acts_upstream_of
http://purl.obolibrary.org/obo/RO_0004035,ObjectProperty,acts_upstream_of_negative_effect
http://purl.obolibrary.org/obo/RO_0002264,ObjectProperty,acts_upstream_of_or_within
http://purl.obolibrary.org/obo/RO_0004033,ObjectProperty,acts_upstream_of_or_within_negative_effect
http://purl.obolibrary.org/obo/RO_0004032,ObjectProperty,acts_upstream_of_or_within_positive_effect
http://purl.obolibrary.org/obo/RO_0004034,ObjectProperty,acts_upstream_of_positive_effect
http://purl.obolibrary.org/obo/RO_0002220,ObjectProperty,adjacent_to
http://purl.obolibrary.org/obo/so#adjacent_to,ObjectProperty,adjacent_to_so
http://xmlns.com/foaf/0.1/age,DataProperty,age
http://xmlns.com/foaf/0.1/aimChatID,AnnotationProperty,aim_chat_id
http://purl.obolibrary.org/obo/RO_0002001,ObjectProperty,aligned_with
http://purl.obolibrary.org/obo/RO_0002555,ObjectProperty,allelopath_of
http://purl.obolibrary.org/obo/IAO_0000118,AnnotationProperty,alternative_term
http://purl.obolibrary.org/obo/RO_0002504,AnnotationProperty,always_present_in_taxon
http://purl.obolibrary.org/obo/RO_0002173,AnnotationProperty,ambiguous_for_taxon
http://purl.obolibrary.org/obo/RO_0003307,ObjectProperty,ameliorates_condition
http://purl.obolibrary.org/obo/so#aa1,AnnotationProperty,amino_acid_1_letter_code_so
http://purl.obolibrary.org/obo/so#aa3,AnnotationProperty,amino_acid_3_letter_code_so
http://purl.obolibrary.org/obo/so#AAMOD,AnnotationProperty,amino_acid_modification_so
http://purl.obolibrary.org/obo/RO_0002378,ObjectProperty,anabranch_of
http://purl.obolibrary.org/obo/RO_0002419,AnnotationProperty,annotation_property_cardinality
http://www.w3.org/2001/XMLSchema#anyURI,Datatype,anyuri_xsd
http://purl.obolibrary.org/obo/so#associated_with,ObjectProperty,associated_with_so
http://purl.org/oban/association_has_object,ObjectProperty,association_has_object_oban
http://purl.org/oban/association_has_object_property,ObjectProperty,association_has_object_property_oban
http://purl.org/oban/association_has_predicate,ObjectProperty,association_has_predicate_oban
http://purl.org/oban/association_has_subject,ObjectProperty,association_has_subject_oban
http://purl.org/oban/association_has_subject_property,ObjectProperty,association_has_subject_property_oban
http://xmlns.com/wot/0.1/assurance,AnnotationProperty,assurance_wot
http://purl.obolibrary.org/obo/RO_0002371,ObjectProperty,attached_to
http://purl.obolibrary.org/obo/RO_0002177,ObjectProperty,attached_to_part_of
http://purl.obolibrary.org/obo/pato#attribute_slim,AnnotationProperty,attribute_slim_pato
http://creativecommons.org/ns#attributionURL,AnnotationProperty,attributionurl_cc
http://www.geneontology.org/formats/oboInOwl#auto-generated-by,AnnotationProperty,autogeneratedby
http://purl.obolibrary.org/obo/RO_0002613,AnnotationProperty,axiom_contradicted_by_evidence
http://purl.obolibrary.org/obo/RO_0002612,AnnotationProperty,axiom_has_evidence
http://purl.obolibrary.org/obo/RO_0002102,ObjectProperty,axon_synapses_in
http://xmlns.com/foaf/0.1/based_near,ObjectProperty,based_near
http://purl.obolibrary.org/obo/RO_0000053,ObjectProperty,bearer_of
http://purl.obolibrary.org/obo/RO_0002083,ObjectProperty,before
http://purl.obolibrary.org/obo/RO_0002081,ObjectProperty,before_or_simultaneous_with
http://purl.obolibrary.org/obo/RO_0002567,ObjectProperty,biomechanically_related_to
http://purl.obolibrary.org/obo/so#biosapiens,AnnotationProperty,biosapiens_so
http://purl.obolibrary.org/obo/RO_0002437,ObjectProperty,biotically_interacts_with
http://xmlns.com/foaf/0.1/birthday,DataProperty,birthday
http://www.w3.org/2001/XMLSchema#boolean,Datatype,boolean_xsd
http://purl.obolibrary.org/obo/RO_0002007,ObjectProperty,bounding_layer_of
http://purl.obolibrary.org/obo/RO_0002522,ObjectProperty,bounds_sequence_of
http://purl.obolibrary.org/obo/fbbt#BrainName_Embargo,AnnotationProperty,brainname_embargo_fbbthash
http://purl.obolibrary.org/obo/fbbt#BrainName,AnnotationProperty,brainname_fbbthash
http://purl.obolibrary.org/obo/fbbt#BRAIN_NAME_ABV,AnnotationProperty,brainname_official_abbreviation_fbbthash
http://purl.obolibrary.org/obo/RO_0002380,ObjectProperty,branching_part_of
http://purl.obolibrary.org/obo/fbbt#BRAND_NAME,AnnotationProperty,brand_name
http://purl.obolibrary.org/obo/so#BS,AnnotationProperty,bs_so
http://purl.obolibrary.org/obo/RO_0002215,ObjectProperty,capable_of
http://purl.obolibrary.org/obo/RO_0002599,ObjectProperty,capable_of_inhibiting_or_preventing_pathological_process
http://purl.obolibrary.org/obo/RO_0002597,ObjectProperty,capable_of_negatively_regulating
http://purl.obolibrary.org/obo/RO_0002216,ObjectProperty,capable_of_part_of
http://purl.obolibrary.org/obo/RO_0002598,ObjectProperty,capable_of_positively_regulating
http://purl.obolibrary.org/obo/RO_0002596,ObjectProperty,capable_of_regulating
http://purl.obolibrary.org/obo/RO_0002600,ObjectProperty,capable_of_upregulating_or_causing_pathological_process
http://purl.obolibrary.org/obo/RO_0002500,ObjectProperty,causal_agent_in_process
http://purl.obolibrary.org/obo/RO_0002506,ObjectProperty,causal_relation_between_material_entities
http://purl.obolibrary.org/obo/RO_0002595,ObjectProperty,causal_relation_between_material_entity_and_a_process
http://purl.obolibrary.org/obo/RO_0002501,ObjectProperty,causal_relation_between_processes
http://purl.obolibrary.org/obo/RO_0004023,ObjectProperty,causal_relationship_with_disease_as_subject
http://purl.obolibrary.org/obo/RO_0002404,ObjectProperty,causally_downstream_of
http://purl.obolibrary.org/obo/RO_0002427,ObjectProperty,causally_downstream_of_or_within
http://purl.obolibrary.org/obo/RO_0002559,ObjectProperty,causally_influenced_by
http://purl.obolibrary.org/obo/RO_0002566,ObjectProperty,causally_influences
http://purl.obolibrary.org/obo/RO_0002410,ObjectProperty,causally_related_to
http://purl.obolibrary.org/obo/RO_0002411,ObjectProperty,causally_upstream_of
http://purl.obolibrary.org/obo/RO_0002305,ObjectProperty,causally_upstream_of_negative_effect
http://purl.obolibrary.org/obo/RO_0002418,ObjectProperty,causally_upstream_of_or_within
http://purl.obolibrary.org/obo/RO_0004046,ObjectProperty,causally_upstream_of_or_within_negative_effect
http://purl.obolibrary.org/obo/RO_0004047,ObjectProperty,causally_upstream_of_or_within_positive_effect
http://purl.obolibrary.org/obo/RO_0002304,ObjectProperty,causally_upstream_of_positive_effect
http://purl.obolibrary.org/obo/RO_0003303,ObjectProperty,causes_condition
http://purl.obolibrary.org/obo/RO_0003302,ObjectProperty,causes_or_contributes_to_condition
http://purl.obolibrary.org/obo/RO_0002009,ObjectProperty,cell_expresses
http://purl.obolibrary.org/obo/pato#cell_quality,ObjectProperty,cell_quality_pato
http://purl.obolibrary.org/obo/RO_0002476,ObjectProperty,child_nucleus_of
http://purl.obolibrary.org/obo/RO_0002477,ObjectProperty,child_nucleus_of_in_hermaphrodite
http://purl.obolibrary.org/obo/RO_0002478,ObjectProperty,child_nucleus_of_in_male
http://purl.org/spar/cito/citesAsAuthority,AnnotationProperty,citesasauthority_spar
http://purl.obolibrary.org/obo/fbbt/vfb#clone,AnnotationProperty,clone_fvfbh
http://purl.obolibrary.org/obo/RO_0002008,ObjectProperty,coincident_with
http://purl.obolibrary.org/obo/RO_0002325,ObjectProperty,colocalizes_with
http://purl.obolibrary.org/obo/RO_0002441,ObjectProperty,commensually_interacts_with
http://www.w3.org/2000/01/rdf-schema#comment,AnnotationProperty,comment
http://purl.obolibrary.org/obo/so#complete_evidence_for_feature,ObjectProperty,complete_evidence_for_feature_so
http://purl.obolibrary.org/obo/RO_0002473,ObjectProperty,composed_primarily_of
http://purl.obolibrary.org/obo/RO_0000059,ObjectProperty,concretizes
http://purl.obolibrary.org/obo/RO_0003310,ObjectProperty,condition_ameliorated_by
http://purl.obolibrary.org/obo/RO_0003311,ObjectProperty,condition_exacerbated_by
http://purl.obolibrary.org/obo/RO_0004000,ObjectProperty,condition_has_genetic_basis_in
http://purl.obolibrary.org/obo/RO_0002570,ObjectProperty,conduit_for
http://purl.obolibrary.org/obo/RO_0002322,ObjectProperty,confers_advantage_in
http://purl.obolibrary.org/obo/RO_0002170,ObjectProperty,connected_to
http://purl.obolibrary.org/obo/RO_0002252,ObjectProperty,connecting_branch_of
http://purl.obolibrary.org/obo/RO_0002176,ObjectProperty,connects
http://purl.obolibrary.org/obo/so#connects_on,ObjectProperty,connects_on_so
http://www.geneontology.org/formats/oboInOwl#consider,AnnotationProperty,consider
http://purl.obolibrary.org/obo/so#contained_by,ObjectProperty,contained_by_so
http://purl.obolibrary.org/obo/RO_0001018,ObjectProperty,contained_in
http://purl.obolibrary.org/obo/RO_0001019,ObjectProperty,contains
http://purl.obolibrary.org/obo/BFO_0000067,ObjectProperty,contains_process
http://purl.obolibrary.org/obo/so#contains,ObjectProperty,contains_so
http://purl.obolibrary.org/obo/RO_0002150,ObjectProperty,continuous_with
http://purl.obolibrary.org/obo/RO_0002326,ObjectProperty,contributes_to
http://purl.obolibrary.org/obo/RO_0003304,ObjectProperty,contributes_to_condition
http://purl.obolibrary.org/obo/RO_0003306,ObjectProperty,contributes_to_frequency_of_condition
http://purl.obolibrary.org/obo/RO_0002433,ObjectProperty,contributes_to_morphology_of
http://purl.obolibrary.org/obo/RO_0003305,ObjectProperty,contributes_to_severity_of_condition
http://purl.org/dc/terms/contributor,AnnotationProperty,contributor
http://purl.org/dc/elements/1.1/contributor,AnnotationProperty,contributor_dce
http://purl.obolibrary.org/obo/fbbt.owl#contributor,AnnotationProperty,contributor_fbbtowl
http://purl.obolibrary.org/obo/RO_0008506,ObjectProperty,cooccurs
http://purl.obolibrary.org/obo/RO_0002610,ObjectProperty,correlated_with
http://purl.obolibrary.org/obo/RO_0003308,ObjectProperty,correlated_with_condition
http://www.geneontology.org/formats/oboInOwl#created_by,AnnotationProperty,created_by
http://purl.obolibrary.org/obo/RO_0008505,ObjectProperty,creates_habitat_for
http://www.geneontology.org/formats/oboInOwl#creation_date,AnnotationProperty,creation_date
http://purl.org/dc/elements/1.1/creator,AnnotationProperty,creator_dce
http://purl.obolibrary.org/obo/fbbt#Cross-product_review,AnnotationProperty,crossproduct_review_fbbthash
http://purl.obolibrary.org/obo/fbbt#cur,AnnotationProperty,cur_fbbthash
http://purl.obolibrary.org/obo/RO_0002484,AnnotationProperty,curator_guidance_link
http://purl.obolibrary.org/obo/IAO_0000232,AnnotationProperty,curator_note
http://xmlns.com/foaf/0.1/currentProject,ObjectProperty,current_project
http://www.geneontology.org/formats/oboInOwl#hasDbXref,AnnotationProperty,database_cross_reference
http://www.geneontology.org/formats/oboInOwl#date,AnnotationProperty,date
http://purl.org/oban/date_association_created,DataProperty,date_association_created_oban
http://purl.org/dc/elements/1.1/date,AnnotationProperty,date_dce
http://www.w3.org/2001/XMLSchema#dateTime,Datatype,datetime_xsd
http://purl.obolibrary.org/obo/so#dbsnp,AnnotationProperty,dbsnp_variant_terms_so
http://purl.obolibrary.org/obo/so#dbvar,AnnotationProperty,dbvar_so
http://www.geneontology.org/formats/oboInOwl#default-namespace,AnnotationProperty,defaultnamespace
http://purl.obolibrary.org/obo/RO_0002259,AnnotationProperty,defined_by_inverse
http://purl.obolibrary.org/obo/IAO_0000115,AnnotationProperty,definition
http://purl.obolibrary.org/obo/IAO_0000119,AnnotationProperty,definition_source
http://purl.obolibrary.org/obo/RO_0002121,ObjectProperty,dendrite_synapsed_in
http://purl.obolibrary.org/obo/RO_0002502,ObjectProperty,depends_on
http://xmlns.com/foaf/0.1/depiction,ObjectProperty,depiction
http://xmlns.com/foaf/0.1/depicts,ObjectProperty,depicts
http://purl.obolibrary.org/obo/fbbt#deprecated,AnnotationProperty,deprecated_fbbthash
http://www.w3.org/2002/07/owl#deprecated,AnnotationProperty,deprecated_owl
http://purl.obolibrary.org/obo/RO_0002156,ObjectProperty,derived_by_descent_from
http://purl.obolibrary.org/obo/RO_0001000,ObjectProperty,derives_from
http://purl.obolibrary.org/obo/so#derives_from,ObjectProperty,derives_from_so
http://purl.obolibrary.org/obo/RO_0001001,ObjectProperty,derives_into
http://purl.org/dc/elements/1.1/description,AnnotationProperty,description_dce
http://purl.obolibrary.org/obo/RO_0002507,ObjectProperty,determined_by
http://purl.obolibrary.org/obo/RO_0002509,ObjectProperty,determined_by_part_of
http://purl.obolibrary.org/obo/RO_0002508,ObjectProperty,determines
http://purl.obolibrary.org/obo/RO_0002255,ObjectProperty,developmentally_contributes_to
http://purl.obolibrary.org/obo/RO_0002256,ObjectProperty,developmentally_induced_by
http://purl.obolibrary.org/obo/RO_0002257,ObjectProperty,developmentally_induces
http://purl.obolibrary.org/obo/RO_0002258,ObjectProperty,developmentally_preceded_by
http://purl.obolibrary.org/obo/RO_0002324,ObjectProperty,developmentally_related_to
http://purl.obolibrary.org/obo/RO_0002285,ObjectProperty,developmentally_replaces
http://purl.obolibrary.org/obo/RO_0002286,ObjectProperty,developmentally_succeeded_by
http://purl.obolibrary.org/obo/RO_0002207,ObjectProperty,develops_directly_from
http://purl.obolibrary.org/obo/RO_0002202,ObjectProperty,develops_from
http://purl.obolibrary.org/obo/RO_0002225,ObjectProperty,develops_from_part_of
http://purl.obolibrary.org/obo/RO_0002226,ObjectProperty,develops_in
http://purl.obolibrary.org/obo/RO_0002203,ObjectProperty,develops_into
http://purl.obolibrary.org/obo/RO_0002424,ObjectProperty,differs_in
http://purl.obolibrary.org/obo/RO_0002426,ObjectProperty,differs_in_attribute
http://purl.obolibrary.org/obo/RO_0002425,ObjectProperty,differs_in_attribute_of
http://purl.obolibrary.org/obo/RO_0002406,ObjectProperty,directly_activates
http://purl.obolibrary.org/obo/RO_0002210,ObjectProperty,directly_develops_into
http://purl.obolibrary.org/obo/RO_0002408,ObjectProperty,directly_inhibits
http://purl.obolibrary.org/obo/RO_0002023,ObjectProperty,directly_negatively_regulated_by
http://purl.obolibrary.org/obo/RO_0002630,ObjectProperty,directly_negatively_regulates
http://purl.obolibrary.org/obo/RO_0002024,ObjectProperty,directly_positively_regulated_by
http://purl.obolibrary.org/obo/RO_0002629,ObjectProperty,directly_positively_regulates
http://purl.obolibrary.org/obo/RO_0002413,ObjectProperty,directly_provides_input_for
http://purl.obolibrary.org/obo/RO_0002022,ObjectProperty,directly_regulated_by
http://purl.obolibrary.org/obo/RO_0002578,ObjectProperty,directly_regulates
http://purl.obolibrary.org/obo/so#disconnected_from,ObjectProperty,disconnected_from_so
http://purl.obolibrary.org/obo/RO_0004030,ObjectProperty,disease_arises_from_structure
http://purl.obolibrary.org/obo/RO_0004024,ObjectProperty,disease_causes_disruption_of
http://purl.obolibrary.org/obo/RO_0004025,ObjectProperty,disease_causes_dysfunction_of
http://purl.obolibrary.org/obo/RO_0004019,ObjectProperty,disease_has_basis_in
http://purl.obolibrary.org/obo/RO_0004021,ObjectProperty,disease_has_basis_in_disruption_of
http://purl.obolibrary.org/obo/RO_0004020,ObjectProperty,disease_has_basis_in_dysfunction_of
http://purl.obolibrary.org/obo/RO_0004022,ObjectProperty,disease_has_basis_in_feature
http://purl.obolibrary.org/obo/RO_0004029,ObjectProperty,disease_has_feature
http://purl.obolibrary.org/obo/RO_0004027,ObjectProperty,disease_has_inflammation_site
http://purl.obolibrary.org/obo/RO_0004026,ObjectProperty,disease_has_location
http://purl.obolibrary.org/obo/RO_0040035,ObjectProperty,disease_relationship
http://purl.obolibrary.org/obo/RO_0000092,ObjectProperty,disposition_of
http://purl.obolibrary.org/obo/RO_0002474,AnnotationProperty,dispositional_interpretation
http://purl.obolibrary.org/obo/RO_0002377,ObjectProperty,distributary_of
http://xmlns.com/foaf/0.1/dnaChecksum,DataProperty,dna_checksum
http://purl.obolibrary.org/obo/RO_0002527,ObjectProperty,does_not_overlap_sequence_of
http://purl.obolibrary.org/obo/RO_0000302,ObjectProperty,downstream_in_neural_circuit_with
http://purl.obolibrary.org/obo/RO_0002179,ObjectProperty,drains
http://purl.obolibrary.org/obo/RO_0002174,AnnotationProperty,dubious_for_taxon
http://purl.obolibrary.org/obo/RO_0002084,ObjectProperty,during_which_ends
http://purl.obolibrary.org/obo/RO_0002088,ObjectProperty,during_which_starts
http://purl.obolibrary.org/obo/RO_0002470,ObjectProperty,eats
http://purl.obolibrary.org/obo/ro/subsets#ro-eco,AnnotationProperty,eco_subset_rosub
http://purl.obolibrary.org/obo/RO_0002321,ObjectProperty,ecologically_related_to
http://purl.obolibrary.org/obo/RO_0002632,ObjectProperty,ectoparasite_of
http://purl.obolibrary.org/obo/so#edited_from,ObjectProperty,edited_from_so
http://purl.obolibrary.org/obo/so#edited_to,ObjectProperty,edited_to_so
http://purl.obolibrary.org/obo/IAO_0000116,AnnotationProperty,editor_note
http://purl.obolibrary.org/obo/IAO_0000111,AnnotationProperty,editor_preferred_term
http://purl.obolibrary.org/obo/RO_0002003,ObjectProperty,electrically_synapsed_to
http://purl.obolibrary.org/obo/IAO_0000600,AnnotationProperty,elucidation
http://purl.obolibrary.org/obo/fbbt#EmbDevSlim,AnnotationProperty,embdevslim_fbbthash
http://purl.obolibrary.org/obo/RO_0002333,ObjectProperty,enabled_by
http://purl.obolibrary.org/obo/RO_0002327,ObjectProperty,enables
http://purl.obolibrary.org/obo/RO_0004031,ObjectProperty,enables_subfunction
http://purl.obolibrary.org/obo/RO_0002085,ObjectProperty,encompasses
http://purl.obolibrary.org/obo/RO_0002548,AnnotationProperty,end_days_post_coitum
http://purl.obolibrary.org/obo/RO_0002540,AnnotationProperty,end_days_post_fertilization
http://purl.obolibrary.org/obo/RO_0002544,AnnotationProperty,end_months_post_birth
http://purl.obolibrary.org/obo/RO_0002550,AnnotationProperty,end_weeks_post_birth
http://purl.obolibrary.org/obo/RO_0002542,AnnotationProperty,end_years_post_birth
http://purl.obolibrary.org/obo/RO_0002634,ObjectProperty,endoparasite_of
http://purl.obolibrary.org/obo/RO_0002229,ObjectProperty,ends
http://purl.obolibrary.org/obo/RO_0002086,ObjectProperty,ends_after
http://purl.obolibrary.org/obo/RO_0002093,ObjectProperty,ends_during
http://purl.obolibrary.org/obo/RO_0002230,ObjectProperty,ends_with
http://purl.obolibrary.org/obo/so#ebi_variants,AnnotationProperty,ensembl_variant_terms_so
http://purl.obolibrary.org/obo/RO_0008501,ObjectProperty,epiphyte_of
http://purl.obolibrary.org/obo/so#evidence_for_feature,ObjectProperty,evidence_for_feature_so
http://purl.obolibrary.org/obo/RO_0002611,AnnotationProperty,evidential_logical_macro_assertion_on_an_axiom
http://purl.obolibrary.org/obo/RO_0002320,ObjectProperty,evolutionarily_related_to
http://purl.obolibrary.org/obo/RO_0002312,ObjectProperty,evolutionary_variant_of
http://purl.obolibrary.org/obo/RO_0003309,ObjectProperty,exacerbates_condition
http://purl.obolibrary.org/obo/IAO_0000112,AnnotationProperty,example_of_usage
http://purl.obolibrary.org/obo/c099d9d6-4ef3-11e3-9da7-b1ad5291e0b0,ObjectProperty,exemplar_of
http://purl.obolibrary.org/obo/so#exemplar_of,ObjectProperty,exemplar_of_so
http://purl.obolibrary.org/obo/RO_0002593,ObjectProperty,existence_ends_at_point
http://purl.obolibrary.org/obo/RO_0002492,ObjectProperty,existence_ends_during
http://purl.obolibrary.org/obo/RO_0002497,ObjectProperty,existence_ends_during_or_before
http://purl.obolibrary.org/obo/RO_0002493,ObjectProperty,existence_ends_with
http://purl.obolibrary.org/obo/RO_0002490,ObjectProperty,existence_overlaps
http://purl.obolibrary.org/obo/RO_0002491,ObjectProperty,existence_starts_and_ends_during
http://purl.obolibrary.org/obo/RO_0002583,ObjectProperty,existence_starts_at_point
http://purl.obolibrary.org/obo/RO_0002488,ObjectProperty,existence_starts_during
http://purl.obolibrary.org/obo/RO_0002496,ObjectProperty,existence_starts_during_or_after
http://purl.obolibrary.org/obo/RO_0002489,ObjectProperty,existence_starts_with
http://purl.obolibrary.org/obo/IAO_0000425,AnnotationProperty,expand_assertion_to
http://purl.obolibrary.org/obo/IAO_0000424,AnnotationProperty,expand_expression_to
http://purl.obolibrary.org/obo/RO_0002345,ObjectProperty,exports
http://purl.obolibrary.org/obo/RO_0002206,ObjectProperty,expressed_in
http://purl.obolibrary.org/obo/RO_0002292,ObjectProperty,expresses
http://purl.obolibrary.org/obo/fbbt#expressionslim_flybase_ribbon,AnnotationProperty,expressionslim_flybase_ribbon
http://purl.obolibrary.org/obo/RO_0002228,ObjectProperty,facultative_parasite_of
http://xmlns.com/foaf/0.1/family_name,DataProperty,family_name
http://xmlns.com/foaf/0.1/familyName,DataProperty,familyname
http://purl.obolibrary.org/obo/RO_0002101,ObjectProperty,fasciculates_with
http://purl.obolibrary.org/obo/fbbt#FB_gloss,AnnotationProperty,fb_gloss_fbbthash
http://purl.obolibrary.org/obo/fbbt#fbbtsubset_mgiribbons,AnnotationProperty,fbbtsubset_mgiribbons_fbbthash
http://purl.obolibrary.org/obo/so#finished_by,ObjectProperty,finished_by_so
http://purl.obolibrary.org/obo/so#finishes,ObjectProperty,finishes_so
http://purl.obolibrary.org/obo/IAO_0000426,AnnotationProperty,first_order_logic_expression
http://xmlns.com/foaf/0.1/firstName,DataProperty,firstname
http://purl.obolibrary.org/obo/fbbt#FlyTed,AnnotationProperty,flyted_fbbthash
http://xmlns.com/foaf/0.1/focus,ObjectProperty,focus
http://purl.obolibrary.org/obo/RO_0002354,ObjectProperty,formed_as_result_of
http://purl.obolibrary.org/obo/fbbt#FORMULA,AnnotationProperty,formula_fbbthash
http://purl.obolibrary.org/obo/fbbt#FT_new,AnnotationProperty,ft_new_fbbthash
http://purl.obolibrary.org/obo/RO_0000079,ObjectProperty,function_of
http://purl.obolibrary.org/obo/RO_0002328,ObjectProperty,functionally_related_to
http://xmlns.com/foaf/0.1/fundedBy,ObjectProperty,funded_by
http://purl.obolibrary.org/obo/so#gained,ObjectProperty,gained_so
http://xmlns.com/foaf/0.1/geekcode,DataProperty,geekcode
http://xmlns.com/foaf/0.1/gender,DataProperty,gender
http://purl.obolibrary.org/obo/RO_0002204,ObjectProperty,gene_product_of
http://purl.obolibrary.org/obo/RO_0002435,ObjectProperty,genetically_interacts_with
http://purl.obolibrary.org/obo/so#genome_of,ObjectProperty,genome_of_so
http://purl.obolibrary.org/obo/RO_0002330,ObjectProperty,genomically_related_to
http://xmlns.com/foaf/0.1/givenName,DataProperty,given_name
http://purl.obolibrary.org/obo/fbbt#goantislim_grouping,AnnotationProperty,goantislim_grouping_fbbthash
http://purl.obolibrary.org/obo/go#gocheck_do_not_annotate,AnnotationProperty,gocheck_do_not_annotate
http://purl.obolibrary.org/obo/fbbt#gocheck_do_not_annotate,AnnotationProperty,gocheck_do_not_annotate_fbbthash
http://purl.obolibrary.org/obo/go#gocheck_do_not_manually_annotate,AnnotationProperty,gocheck_do_not_manually_annotate
http://purl.obolibrary.org/obo/fbbt#gocheck_do_not_manually_annotate,AnnotationProperty,gocheck_do_not_manually_annotate_fbbthash
http://purl.obolibrary.org/obo/go#goslim_agr,AnnotationProperty,goslim_agr
http://purl.obolibrary.org/obo/fbbt#goslim_agr,AnnotationProperty,goslim_agr_fbbthash
http://purl.obolibrary.org/obo/go#goslim_aspergillus,AnnotationProperty,goslim_aspergillus
http://purl.obolibrary.org/obo/fbbt#goslim_aspergillus,AnnotationProperty,goslim_aspergillus_fbbthash
http://purl.obolibrary.org/obo/go#goslim_candida,AnnotationProperty,goslim_candida
http://purl.obolibrary.org/obo/fbbt#goslim_candida,AnnotationProperty,goslim_candida_fbbthash
http://purl.obolibrary.org/obo/go#goslim_chembl,AnnotationProperty,goslim_chembl
http://purl.obolibrary.org/obo/fbbt#goslim_chembl,AnnotationProperty,goslim_chembl_fbbthash
http://purl.obolibrary.org/obo/go#goslim_drosophila,AnnotationProperty,goslim_drosophila
http://purl.obolibrary.org/obo/go#goslim_flybase_ribbon,AnnotationProperty,goslim_flybase_ribbon
http://purl.obolibrary.org/obo/go#goslim_generic,AnnotationProperty,goslim_generic
http://purl.obolibrary.org/obo/fbbt#goslim_generic,AnnotationProperty,goslim_generic_fbbthash
http://purl.obolibrary.org/obo/fbbt#goslim_goa,AnnotationProperty,goslim_goa_fbbthash
http://purl.obolibrary.org/obo/go#goslim_metagenomics,AnnotationProperty,goslim_metagenomics
http://purl.obolibrary.org/obo/fbbt#goslim_metagenomics,AnnotationProperty,goslim_metagenomics_fbbthash
http://purl.obolibrary.org/obo/go#goslim_mouse,AnnotationProperty,goslim_mouse
http://purl.obolibrary.org/obo/fbbt#goslim_mouse,AnnotationProperty,goslim_mouse_fbbthash
http://purl.obolibrary.org/obo/go#goslim_pir,AnnotationProperty,goslim_pir
http://purl.obolibrary.org/obo/fbbt#goslim_pir,AnnotationProperty,goslim_pir_fbbthash
http://purl.obolibrary.org/obo/go#goslim_plant,AnnotationProperty,goslim_plant
http://purl.obolibrary.org/obo/fbbt#goslim_plant,AnnotationProperty,goslim_plant_fbbthash
http://purl.obolibrary.org/obo/go#goslim_pombe,AnnotationProperty,goslim_pombe
http://purl.obolibrary.org/obo/fbbt#goslim_pombe,AnnotationProperty,goslim_pombe_fbbthash
http://purl.obolibrary.org/obo/go#goslim_synapse,AnnotationProperty,goslim_synapse
http://purl.obolibrary.org/obo/fbbt#goslim_synapse,AnnotationProperty,goslim_synapse_fbbthash
http://purl.obolibrary.org/obo/fbbt#goslim_virus,AnnotationProperty,goslim_virus_fbbthash
http://purl.obolibrary.org/obo/go#goslim_yeast,AnnotationProperty,goslim_yeast
http://purl.obolibrary.org/obo/fbbt#goslim_yeast,AnnotationProperty,goslim_yeast_fbbthash
http://purl.obolibrary.org/obo/fbbt#gosubset_prok,AnnotationProperty,gosubset_prok_fbbthash
http://purl.obolibrary.org/obo/so#guided_by,ObjectProperty,guided_by_so
http://purl.obolibrary.org/obo/so#guides,ObjectProperty,guides_so
http://purl.obolibrary.org/obo/RO_0002092,ObjectProperty,happens_during
http://purl.obolibrary.org/obo/RO_0002002,ObjectProperty,has_2d_boundary
http://purl.obolibrary.org/obo/RO_0002248,ObjectProperty,has_active_ingredient
http://purl.obolibrary.org/obo/RO_0002218,ObjectProperty,has_active_participant
http://purl.obolibrary.org/obo/RO_0001022,ObjectProperty,has_allergic_trigger
http://www.geneontology.org/formats/oboInOwl#hasAlternativeId,AnnotationProperty,has_alternative_id
http://purl.obolibrary.org/obo/RO_0040036,ObjectProperty,has_anatomical_participant
http://purl.obolibrary.org/obo/RO_0002261,ObjectProperty,has_application_role
http://purl.obolibrary.org/obo/RO_0001023,ObjectProperty,has_autoimmune_trigger
http://purl.obolibrary.org/obo/fbbt/vfb/VFBext_0000002,ObjectProperty,has_background_channel
http://purl.obolibrary.org/obo/RO_0002260,ObjectProperty,has_biological_role
http://purl.obolibrary.org/obo/RO_0002569,ObjectProperty,has_branching_part
http://www.geneontology.org/formats/oboInOwl#hasBroadSynonym,AnnotationProperty,has_broad_synonym
http://purl.obolibrary.org/obo/fbbt/vfb/VFBext_0000001,ObjectProperty,has_channel
http://purl.obolibrary.org/obo/RO_0002262,ObjectProperty,has_chemical_role
http://purl.obolibrary.org/obo/RO_0002180,ObjectProperty,has_component
http://purl.obolibrary.org/obo/RO_0002017,ObjectProperty,has_component_activity
http://purl.obolibrary.org/obo/RO_0002018,ObjectProperty,has_component_process
http://purl.obolibrary.org/obo/RO_0002253,ObjectProperty,has_connecting_branch
http://purl.obolibrary.org/obo/R0_0009004,ObjectProperty,has_consumer
http://purl.obolibrary.org/obo/IAO_0000114,AnnotationProperty,has_curation_status
http://purl.obolibrary.org/obo/RO_0002360,ObjectProperty,has_dendrite_location
http://purl.obolibrary.org/obo/RO_0002157,ObjectProperty,has_derived_by_descendant
http://purl.obolibrary.org/obo/RO_0002254,ObjectProperty,has_developmental_contribution_from
http://purl.obolibrary.org/obo/RO_0002384,ObjectProperty,has_developmental_potential_involving
http://purl.obolibrary.org/obo/RO_0002546,AnnotationProperty,has_developmental_stage_marker
http://purl.obolibrary.org/obo/RO_0002400,ObjectProperty,has_direct_input
http://purl.obolibrary.org/obo/RO_0000091,ObjectProperty,has_disposition
http://purl.obolibrary.org/obo/RO_0002633,ObjectProperty,has_ectoparasite
http://purl.obolibrary.org/obo/RO_0002025,ObjectProperty,has_effector_activity
http://purl.obolibrary.org/obo/RO_0002625,ObjectProperty,has_eggs_laid_in_by
http://purl.obolibrary.org/obo/RO_0008508,ObjectProperty,has_eggs_laid_on_by
http://purl.obolibrary.org/obo/RO_0002232,ObjectProperty,has_end_location
http://purl.obolibrary.org/obo/RO_0002518,ObjectProperty,has_end_sequence
http://purl.obolibrary.org/obo/RO_0002538,AnnotationProperty,has_end_time_value
http://purl.obolibrary.org/obo/RO_0002635,ObjectProperty,has_endoparasite
http://purl.obolibrary.org/obo/RO_0008502,ObjectProperty,has_epiphyte
http://purl.obolibrary.org/obo/RO_0002558,ObjectProperty,has_evidence
http://www.geneontology.org/formats/oboInOwl#hasExactSynonym,AnnotationProperty,has_exact_synonym
http://purl.obolibrary.org/obo/C888C3DB-AEFA-447F-BD4C-858DFE33DBE7,ObjectProperty,has_exemplar
http://purl.obolibrary.org/obo/RO_0002240,ObjectProperty,has_exposure_receptor
http://purl.obolibrary.org/obo/RO_0002242,ObjectProperty,has_exposure_route
http://purl.obolibrary.org/obo/RO_0002309,ObjectProperty,has_exposure_stimulus
http://purl.obolibrary.org/obo/RO_0002241,ObjectProperty,has_exposure_stressor
http://purl.obolibrary.org/obo/RO_0002243,ObjectProperty,has_exposure_transport_path
http://purl.obolibrary.org/obo/RO_0002132,ObjectProperty,has_fasciculating_neuron_projection
http://purl.obolibrary.org/obo/RO_0002623,ObjectProperty,has_flowers_visited_by
http://purl.obolibrary.org/obo/RO_0000085,ObjectProperty,has_function
http://purl.obolibrary.org/obo/fbbt#has_function_in,ObjectProperty,has_function_in_fbbthash
http://purl.obolibrary.org/obo/fbbt#has_function_in_part_of,ObjectProperty,has_function_in_part_of_fbbthash
http://purl.obolibrary.org/obo/RO_0002374,ObjectProperty,has_fused_element
http://purl.obolibrary.org/obo/RO_0002205,ObjectProperty,has_gene_product
http://purl.obolibrary.org/obo/RO_0002303,ObjectProperty,has_habitat
http://purl.obolibrary.org/obo/fbbt/vfb/VFBext_0000008,ObjectProperty,has_hemidriver
http://purl.obolibrary.org/obo/RO_0002454,ObjectProperty,has_host
http://purl.obolibrary.org/obo/RO_0002233,ObjectProperty,has_input
http://purl.obolibrary.org/obo/so#has_integral_part,ObjectProperty,has_integral_part_so
http://purl.obolibrary.org/obo/RO_0002639,ObjectProperty,has_intercellular_endoparasite
http://purl.obolibrary.org/obo/RO_0002505,ObjectProperty,has_intermediate
http://purl.obolibrary.org/obo/RO_0002641,ObjectProperty,has_intracellular_endoparasite
http://purl.org/dc/terms/license,AnnotationProperty,has_license
http://purl.obolibrary.org/obo/RO_0002019,ObjectProperty,has_ligand
http://purl.obolibrary.org/obo/RO_0004005,ObjectProperty,has_major_susceptibility_factor
http://purl.obolibrary.org/obo/RO_0004001,ObjectProperty,has_material_basis_in_gain_of_function_germline_mutation_in
http://purl.obolibrary.org/obo/RO_0004003,ObjectProperty,has_material_basis_in_germline_mutation_in
http://purl.obolibrary.org/obo/RO_0004002,ObjectProperty,has_material_basis_in_loss_of_function_germline_mutation_in
http://purl.obolibrary.org/obo/RO_0004004,ObjectProperty,has_material_basis_in_somatic_mutation_in
http://purl.obolibrary.org/obo/RO_0002351,ObjectProperty,has_member
http://purl.obolibrary.org/obo/RO_0002637,ObjectProperty,has_mesoparasite
http://purl.obolibrary.org/obo/RO_0002615,ObjectProperty,has_model
http://purl.obolibrary.org/obo/RO_0002573,ObjectProperty,has_modifier
http://purl.obolibrary.org/obo/RO_0002568,ObjectProperty,has_muscle_antagonist
http://purl.obolibrary.org/obo/RO_0002373,ObjectProperty,has_muscle_insertion
http://purl.obolibrary.org/obo/RO_0002372,ObjectProperty,has_muscle_origin
http://www.geneontology.org/formats/oboInOwl#hasNarrowSynonym,AnnotationProperty,has_narrow_synonym
http://purl.obolibrary.org/obo/RO_0002016,ObjectProperty,has_necessary_component_activity
http://purl.obolibrary.org/obo/RO_0002014,ObjectProperty,has_negative_regulatory_component_activity
http://purl.obolibrary.org/obo/RO_0002475,AnnotationProperty,has_no_connections_with
http://www.geneontology.org/formats/oboInOwl#hasOBOFormatVersion,AnnotationProperty,has_obo_format_version
http://www.geneontology.org/formats/oboInOwl#hasOBONamespace,AnnotationProperty,has_obo_namespace
http://purl.obolibrary.org/obo/IAO_0000231,AnnotationProperty,has_obsolescence_reason
http://purl.obolibrary.org/obo/so#has_origin,ObjectProperty,has_origin_so
http://purl.obolibrary.org/obo/RO_0002234,ObjectProperty,has_output
http://purl.obolibrary.org/obo/RO_0002209,ObjectProperty,has_parasitoid
http://purl.obolibrary.org/obo/BFO_0000051,ObjectProperty,has_part
http://purl.obolibrary.org/obo/so#has_part,ObjectProperty,has_part_so
http://purl.obolibrary.org/obo/RO_0002584,ObjectProperty,has_part_structure_that_is_capable_of
http://purl.obolibrary.org/obo/RO_0002479,ObjectProperty,has_part_that_occurs_in
http://purl.obolibrary.org/obo/RO_0004006,ObjectProperty,has_partial_material_basis_in_germline_mutation_in
http://purl.obolibrary.org/obo/RO_0000057,ObjectProperty,has_participant
http://purl.obolibrary.org/obo/RO_0002557,ObjectProperty,has_pathogen
http://purl.obolibrary.org/obo/RO_0002200,ObjectProperty,has_phenotype
http://purl.obolibrary.org/obo/RO_0002104,ObjectProperty,has_plasma_membrane_part
http://purl.obolibrary.org/obo/RO_0002015,ObjectProperty,has_positive_regulatory_component_activity
http://purl.obolibrary.org/obo/RO_0002110,ObjectProperty,has_postsynaptic_terminal_in
http://purl.obolibrary.org/obo/RO_0002387,ObjectProperty,has_potential_to_develop_into
http://purl.obolibrary.org/obo/RO_0002385,ObjectProperty,has_potential_to_developmentally_contribute_to
http://purl.obolibrary.org/obo/RO_0002386,ObjectProperty,has_potential_to_developmentally_induce
http://purl.obolibrary.org/obo/RO_0002388,ObjectProperty,has_potential_to_directly_develop_into
http://purl.obolibrary.org/obo/RO_0002113,ObjectProperty,has_presynaptic_terminal_in
http://purl.obolibrary.org/obo/RO_0004007,ObjectProperty,has_primary_input_or_output
http://purl.obolibrary.org/obo/RO_0009005,ObjectProperty,has_primary_substance_added
http://purl.obolibrary.org/obo/RO_0002214,ObjectProperty,has_prototype
http://purl.org/oban/has_provenance,ObjectProperty,has_provenance_oban
http://purl.org/oban/has_pubmed_id,DataProperty,has_pubmed_id_oban
http://purl.obolibrary.org/obo/RO_0000086,ObjectProperty,has_quality
http://purl.obolibrary.org/obo/fbbt#has_quality,ObjectProperty,has_quality_fbbthash
http://purl.obolibrary.org/obo/so#has_quality,ObjectProperty,has_quality_so
http://purl.org/dc/terms/references,AnnotationProperty,has_reference
http://purl.obolibrary.org/obo/RO_0002013,ObjectProperty,has_regulatory_component_activity
http://www.geneontology.org/formats/oboInOwl#hasRelatedSynonym,AnnotationProperty,has_related_synonym
http://purl.obolibrary.org/obo/RO_0000087,ObjectProperty,has_role
http://www.geneontology.org/formats/oboInOwl#hasScope,AnnotationProperty,has_scope
http://purl.obolibrary.org/obo/fbbt/vfb/VFBext_0000003,ObjectProperty,has_signal_channel
http://purl.obolibrary.org/obo/RO_0002551,ObjectProperty,has_skeleton
http://purl.obolibrary.org/obo/RO_0002100,ObjectProperty,has_soma_location
http://purl.org/dc/terms/source,AnnotationProperty,has_source
http://purl.obolibrary.org/obo/RO_0002231,ObjectProperty,has_start_location
http://purl.obolibrary.org/obo/RO_0002516,ObjectProperty,has_start_sequence
http://purl.obolibrary.org/obo/RO_0002537,AnnotationProperty,has_start_time_value
http://purl.obolibrary.org/obo/RO_0002524,ObjectProperty,has_subsequence
http://purl.obolibrary.org/obo/RO_0009001,ObjectProperty,has_substance_added
http://purl.obolibrary.org/obo/RO_0009002,ObjectProperty,has_substance_removed
http://purl.obolibrary.org/obo/RO_0002452,ObjectProperty,has_symptom
http://purl.obolibrary.org/obo/RO_0002130,ObjectProperty,has_synaptic_terminal_in
http://purl.obolibrary.org/obo/RO_0002006,ObjectProperty,has_synaptic_terminal_of
http://www.geneontology.org/formats/oboInOwl#hasSynonymType,AnnotationProperty,has_synonym_type
http://purl.obolibrary.org/obo/RO_0002339,ObjectProperty,has_target_end_location
http://purl.obolibrary.org/obo/RO_0002338,ObjectProperty,has_target_start_location
http://purl.obolibrary.org/obo/RO_0002460,ObjectProperty,has_vector
http://purl.obolibrary.org/obo/RO_0002464,ObjectProperty,helper_property
http://purl.obolibrary.org/obo/RO_0002237,ObjectProperty,hemiparasite_of
http://purl.obolibrary.org/obo/fbbt#hidden_assertion,AnnotationProperty,hidden_assertion_fbbthash
http://purl.obolibrary.org/obo/fbbt#high_level_annotation_qc,AnnotationProperty,high_level_annotation_qc_fbbthash
http://xmlns.com/foaf/0.1/holdsAccount,ObjectProperty,holds_account
http://xmlns.com/foaf/0.1/homepage,AnnotationProperty,homepage
http://purl.obolibrary.org/obo/so#homologous_to,ObjectProperty,homologous_to_so
http://purl.obolibrary.org/obo/RO_0002453,ObjectProperty,host_of
http://purl.obolibrary.org/obo/RO_0002553,ObjectProperty,hyperparasite_of
http://purl.obolibrary.org/obo/RO_0002554,ObjectProperty,hyperparasitized_by
http://purl.obolibrary.org/obo/IAO_creation_date,AnnotationProperty,iao_creation_date
http://purl.obolibrary.org/obo/IAO_format-version,AnnotationProperty,iao_formatversion
http://purl.obolibrary.org/obo/IAO_id,AnnotationProperty,iao_id
http://purl.obolibrary.org/obo/IAO_xref,AnnotationProperty,iao_xref
http://xmlns.com/foaf/0.1/icqChatID,AnnotationProperty,icq_chat_id
http://www.geneontology.org/formats/oboInOwl#id,AnnotationProperty,id
http://xmlns.com/foaf/0.1/img,ObjectProperty,image
http://purl.obolibrary.org/obo/RO_0002495,ObjectProperty,immediate_transformation_of
http://purl.obolibrary.org/obo/RO_0002405,ObjectProperty,immediately_causally_downstream_of
http://purl.obolibrary.org/obo/RO_0002412,ObjectProperty,immediately_causally_upstream_of
http://purl.obolibrary.org/obo/RO_0002087,ObjectProperty,immediately_preceded_by
http://purl.obolibrary.org/obo/RO_0002090,ObjectProperty,immediately_precedes
http://purl.obolibrary.org/obo/RO_0009003,ObjectProperty,immersed_in
http://purl.obolibrary.org/obo/IAO_0000412,AnnotationProperty,imported_from
http://purl.obolibrary.org/obo/RO_0002340,ObjectProperty,imports
http://purl.obolibrary.org/obo/RO_HOM0000019,ObjectProperty,in_1_to_1_homology_relationship_with
http://purl.obolibrary.org/obo/RO_HOM0000020,ObjectProperty,in_1_to_1_orthology_relationship_with
http://purl.obolibrary.org/obo/RO_HOM0000037,ObjectProperty,in_1_to_many_homology_relationship_with
http://purl.obolibrary.org/obo/RO_HOM0000034,ObjectProperty,in_1_to_many_orthology_relationship_with
http://purl.obolibrary.org/obo/RO_HOM0000042,ObjectProperty,in_apomorphy_relationship_with
http://purl.obolibrary.org/obo/RO_HOM0000060,ObjectProperty,in_apparent_orthology_relationship_with
http://purl.obolibrary.org/obo/RO_0002602,AnnotationProperty,in_approximate_one_to_one_relationship_with
http://purl.obolibrary.org/obo/RO_HOM0000050,ObjectProperty,in_betweenspecies_paralogy_relationship_with
http://purl.obolibrary.org/obo/RO_HOM0000008,ObjectProperty,in_biological_homology_relationship_with
http://purl.obolibrary.org/obo/RO_0002375,ObjectProperty,in_branching_relationship_with
http://purl.obolibrary.org/obo/RO_HOM0000047,ObjectProperty,in_chromosomal_homology_relationship_with
http://purl.obolibrary.org/obo/RO_HOM0000004,ObjectProperty,in_convergence_relationship_with
http://purl.obolibrary.org/obo/RO_HOM0000044,ObjectProperty,in_deep_homology_relationship_with
http://purl.obolibrary.org/obo/RO_HOM0000062,ObjectProperty,in_equivalogy_relationship_with
http://purl.obolibrary.org/obo/RO_HOM0000065,ObjectProperty,in_functional_equivalence_relationship_with
http://purl.obolibrary.org/obo/RO_HOM0000046,ObjectProperty,in_gametology_relationship_with
http://purl.obolibrary.org/obo/RO_HOM0000045,ObjectProperty,in_hemiplasy_relationship_with
http://purl.obolibrary.org/obo/RO_HOM0000028,ObjectProperty,in_heterochronous_homology_relationship_with
http://purl.obolibrary.org/obo/RO_HOM0000007,ObjectProperty,in_historical_homology_relationship_with
http://purl.obolibrary.org/obo/RO_HOM0000072,ObjectProperty,in_homeosis_relationship_with
http://purl.obolibrary.org/obo/RO_HOM0000003,ObjectProperty,in_homocracy_relationship_with
http://purl.obolibrary.org/obo/RO_HOM0000073,ObjectProperty,in_homoeology_relationship_with
http://purl.obolibrary.org/obo/RO_HOM0000001,ObjectProperty,in_homology_relationship_with
http://purl.obolibrary.org/obo/RO_HOM0000002,ObjectProperty,in_homoplasy_relationship_with
http://purl.obolibrary.org/obo/RO_HOM0000071,ObjectProperty,in_homotopy_relationship_with
http://purl.obolibrary.org/obo/RO_HOM0000052,ObjectProperty,in_hypermorphosis_relationship_with
http://purl.obolibrary.org/obo/RO_HOM0000023,ObjectProperty,in_inparalogy_relationship_with
http://purl.obolibrary.org/obo/RO_HOM0000063,ObjectProperty,in_interology_relationship_with
http://purl.obolibrary.org/obo/RO_HOM0000054,ObjectProperty,in_isoorthology_relationship_with
http://purl.obolibrary.org/obo/RO_HOM0000066,ObjectProperty,in_iterative_homology_relationship_with
http://purl.obolibrary.org/obo/RO_HOM0000057,ObjectProperty,in_latent_homology_relationship_with
http://purl.obolibrary.org/obo/RO_HOM0000036,ObjectProperty,in_many_to_many_homology_relationship_with
http://purl.obolibrary.org/obo/RO_HOM0000048,ObjectProperty,in_many_to_many_orthology_relationship_with
http://purl.obolibrary.org/obo/RO_HOM0000033,ObjectProperty,in_mimicry_relationship_with
http://purl.obolibrary.org/obo/RO_HOM0000032,ObjectProperty,in_neoteny_relationship_with
http://purl.obolibrary.org/obo/RO_0000300,ObjectProperty,in_neural_circuit_with
http://purl.obolibrary.org/obo/RO_HOM0000016,ObjectProperty,in_non_functional_homology_relationship_with
http://purl.obolibrary.org/obo/RO_HOM0000022,ObjectProperty,in_ohnology_relationship_with
http://purl.obolibrary.org/obo/RO_HOM0000017,ObjectProperty,in_orthology_relationship_with
http://purl.obolibrary.org/obo/RO_HOM0000024,ObjectProperty,in_outparalogy_relationship_with
http://purl.obolibrary.org/obo/RO_HOM0000029,ObjectProperty,in_paedomorphorsis_relationship_with
http://purl.obolibrary.org/obo/RO_HOM0000005,ObjectProperty,in_parallelism_relationship_with
http://purl.obolibrary.org/obo/RO_HOM0000011,ObjectProperty,in_paralogy_relationship_with
http://purl.obolibrary.org/obo/RO_HOM0000074,ObjectProperty,in_paramorphism_relationship_with
http://purl.obolibrary.org/obo/RO_HOM0000068,ObjectProperty,in_paraxenology_relationship_with
http://purl.obolibrary.org/obo/RO_HOM0000014,ObjectProperty,in_partial_homology_relationship_with
http://purl.obolibrary.org/obo/RO_HOM0000030,ObjectProperty,in_peramorphosis_relationship_with
http://purl.obolibrary.org/obo/RO_HOM0000069,ObjectProperty,in_plerology_relationship_with
http://purl.obolibrary.org/obo/RO_HOM0000043,ObjectProperty,in_plesiomorphy_relationship_with
http://purl.obolibrary.org/obo/RO_HOM0000051,ObjectProperty,in_postdisplacement_relationship_with
http://purl.obolibrary.org/obo/RO_HOM0000031,ObjectProperty,in_progenesis_relationship_with
http://purl.obolibrary.org/obo/RO_HOM0000025,ObjectProperty,in_proorthology_relationship_with
http://purl.obolibrary.org/obo/RO_HOM0000015,ObjectProperty,in_protein_structural_homology_relationship_with
http://purl.obolibrary.org/obo/RO_HOM0000061,ObjectProperty,in_pseudoparalogy_relationship_with
http://purl.obolibrary.org/obo/RO_0002026,ObjectProperty,in_register_with
http://purl.obolibrary.org/obo/RO_HOM0000075,ObjectProperty,in_regulogy_relationship_with
http://purl.obolibrary.org/obo/RO_HOM0000009,ObjectProperty,in_reversal_relationship_with
http://purl.obolibrary.org/obo/RO_HOM0000026,ObjectProperty,in_semiorthology_relationship_with
http://purl.obolibrary.org/obo/RO_HOM0000027,ObjectProperty,in_serial_homology_relationship_with
http://purl.obolibrary.org/obo/RO_HOM0000000,ObjectProperty,in_similarity_relationship_with
http://purl.obolibrary.org/obo/RO_HOM0000006,ObjectProperty,in_structural_homology_relationship_with
http://www.geneontology.org/formats/oboInOwl#inSubset,AnnotationProperty,in_subset
http://purl.obolibrary.org/obo/RO_HOM0000058,ObjectProperty,in_syngeny_relationship_with
http://purl.obolibrary.org/obo/RO_HOM0000053,ObjectProperty,in_synology_relationship_with
http://purl.obolibrary.org/obo/RO_HOM0000010,ObjectProperty,in_syntenic_homology_relationship_with
http://purl.obolibrary.org/obo/RO_HOM0000013,ObjectProperty,in_syntenic_orthology_relationship_with
http://purl.obolibrary.org/obo/RO_HOM0000012,ObjectProperty,in_syntenic_paralogy_relationship_with
http://purl.obolibrary.org/obo/RO_HOM0000055,ObjectProperty,in_tandem_paralogy_relationship_with
http://purl.obolibrary.org/obo/RO_0002162,ObjectProperty,in_taxon
http://purl.obolibrary.org/obo/RO_HOM0000049,ObjectProperty,in_withinspecies_paralogy_relationship_with
http://purl.obolibrary.org/obo/RO_HOM0000018,ObjectProperty,in_xenology_relationship_with
http://purl.obolibrary.org/obo/fbbt#InChI,AnnotationProperty,inchi_fbbthash
http://purl.obolibrary.org/obo/fbbt#InChIKey,AnnotationProperty,inchikey_fbbthash
http://purl.obolibrary.org/obo/RO_0003003,ObjectProperty,increases_expression_of
http://purl.obolibrary.org/obo/RO_0002407,ObjectProperty,indirectly_activates
http://purl.obolibrary.org/obo/RO_0002409,ObjectProperty,indirectly_inhibits
http://purl.obolibrary.org/obo/RO_0000052,ObjectProperty,inheres_in
http://purl.obolibrary.org/obo/RO_0002314,ObjectProperty,inheres_in_part_of
http://purl.obolibrary.org/obo/RO_0002483,AnnotationProperty,inherited_annotation_property
http://purl.obolibrary.org/obo/fbbt#INN,AnnotationProperty,inn_fbbthash
http://purl.obolibrary.org/obo/RO_0002005,ObjectProperty,innervated_by
http://purl.obolibrary.org/obo/RO_0002134,ObjectProperty,innervates
http://purl.obolibrary.org/obo/RO_0002352,ObjectProperty,input_of
http://purl.obolibrary.org/obo/so#integral_part_of,ObjectProperty,integral_part_of_so
http://purl.obolibrary.org/obo/RO_0002563,ObjectProperty,interaction_relation_helper_property
http://purl.obolibrary.org/obo/RO_0002434,ObjectProperty,interacts_with
http://purl.obolibrary.org/obo/RO_0002443,ObjectProperty,interacts_with_via_parasitehost_interaction
http://purl.obolibrary.org/obo/RO_0002638,ObjectProperty,intercellular_endoparasite_of
http://xmlns.com/foaf/0.1/interest,ObjectProperty,interest
http://purl.obolibrary.org/obo/RO_0002640,ObjectProperty,intracellular_endoparasite_of
http://purl.obolibrary.org/obo/RO_0002331,ObjectProperty,involved_in
http://purl.obolibrary.org/obo/RO_0002430,ObjectProperty,involved_in_negative_regulation_of
http://purl.obolibrary.org/obo/RO_0002431,ObjectProperty,involved_in_or_involved_in_regulation_of
http://purl.obolibrary.org/obo/RO_0002429,ObjectProperty,involved_in_positive_regulation_of
http://purl.obolibrary.org/obo/RO_0002428,ObjectProperty,involved_in_regulation_of
http://purl.obolibrary.org/obo/RO_0002581,AnnotationProperty,is_a_defining_property_chain_axiom
http://purl.obolibrary.org/obo/RO_0002582,AnnotationProperty,is_a_defining_property_chain_axiom_where_second_argument_is_reflexive
http://purl.obolibrary.org/obo/RO_0002432,ObjectProperty,is_active_in
http://purl.obolibrary.org/obo/RO_0001020,ObjectProperty,is_allergic_trigger_for
http://purl.obolibrary.org/obo/RO_0002603,AnnotationProperty,is_approximately_equivalent_to
http://purl.obolibrary.org/obo/RO_0002560,AnnotationProperty,is_asymmetric_relational_form_of_process_class
http://purl.obolibrary.org/obo/RO_0001021,ObjectProperty,is_autoimmune_trigger_for
http://purl.obolibrary.org/obo/RO_0004018,ObjectProperty,is_basis_for_realizable
http://purl.obolibrary.org/obo/RO_0002523,ObjectProperty,is_bound_by_sequence_of
http://purl.obolibrary.org/obo/RO_0004011,ObjectProperty,is_causal_gain_of_function_germline_mutation_of_in
http://purl.obolibrary.org/obo/RO_0004013,ObjectProperty,is_causal_germline_mutation_in
http://purl.obolibrary.org/obo/RO_0004016,ObjectProperty,is_causal_germline_mutation_partially_giving_rise_to
http://purl.obolibrary.org/obo/RO_0004012,ObjectProperty,is_causal_loss_of_function_germline_mutation_of_in
http://purl.obolibrary.org/obo/RO_0004014,ObjectProperty,is_causal_somatic_mutation_in
http://purl.obolibrary.org/obo/RO_0004015,ObjectProperty,is_causal_susceptibility_factor_for
http://purl.obolibrary.org/obo/RO_0002466,ObjectProperty,is_commensalism
http://purl.obolibrary.org/obo/RO_0000058,ObjectProperty,is_concretized_as
http://purl.obolibrary.org/obo/RO_0002520,ObjectProperty,is_consecutive_sequence_of
http://purl.obolibrary.org/obo/so#is_consecutive_sequence_of,ObjectProperty,is_consecutive_sequence_of_so
http://purl.obolibrary.org/obo/RO_0002575,AnnotationProperty,is_direct_form_of
http://purl.obolibrary.org/obo/RO_0004048,AnnotationProperty,is_directional_form_of
http://purl.obolibrary.org/obo/RO_0002529,ObjectProperty,is_downstream_of_sequence_of
http://purl.obolibrary.org/obo/RO_0002471,ObjectProperty,is_eaten_by
http://purl.obolibrary.org/obo/RO_0002519,ObjectProperty,is_end_sequence_of
http://purl.obolibrary.org/obo/RO_0002472,ObjectProperty,is_evidence_for
http://purl.obolibrary.org/obo/RO_0002614,ObjectProperty,is_evidence_with_support_from
http://purl.obolibrary.org/obo/RO_0004010,ObjectProperty,is_genetic_basis_for_condition
http://purl.obolibrary.org/obo/RO_0040042,AnnotationProperty,is_homeomorphic_for
http://purl.obolibrary.org/obo/RO_0002530,ObjectProperty,is_immediately_downstream_of_sequence_of
http://purl.obolibrary.org/obo/RO_0002531,ObjectProperty,is_immediately_upstream_of_sequence_of
http://purl.obolibrary.org/obo/RO_0002579,AnnotationProperty,is_indirect_form_of
http://purl.obolibrary.org/obo/RO_0002605,AnnotationProperty,is_indistinguishable_from
http://purl.obolibrary.org/obo/RO_0002627,ObjectProperty,is_killed_by
http://purl.obolibrary.org/obo/RO_0002481,ObjectProperty,is_kinase_activity
http://purl.obolibrary.org/obo/RO_0002607,ObjectProperty,is_marker_for
http://www.geneontology.org/formats/oboInOwl#is_metadata_tag,AnnotationProperty,is_metadata_tag
http://purl.obolibrary.org/obo/RO_0003301,ObjectProperty,is_model_of
http://purl.obolibrary.org/obo/RO_0002467,ObjectProperty,is_mutualism
http://purl.obolibrary.org/obo/RO_0004050,AnnotationProperty,is_negative_form_of
http://purl.obolibrary.org/obo/RO_0002604,AnnotationProperty,is_opposite_of
http://purl.obolibrary.org/obo/RO_0002468,ObjectProperty,is_parasitism
http://purl.obolibrary.org/obo/RO_0004049,AnnotationProperty,is_positive_form_of
http://xmlns.com/foaf/0.1/isPrimaryTopicOf,ObjectProperty,is_primary_topic_of
http://purl.obolibrary.org/obo/RO_0002594,AnnotationProperty,is_relational_form_of_a_class
http://purl.obolibrary.org/obo/RO_0002562,AnnotationProperty,is_relational_form_of_process_class
http://purl.obolibrary.org/obo/RO_0002617,AnnotationProperty,is_representative_iri_for_equivalence_set
http://purl.obolibrary.org/obo/RO_0002521,ObjectProperty,is_sequentially_aligned_with
http://purl.obolibrary.org/obo/OBI_0000312,ObjectProperty,is_specified_output_of
http://purl.obolibrary.org/obo/RO_0002517,ObjectProperty,is_start_sequence_of
http://purl.obolibrary.org/obo/RO_0002525,ObjectProperty,is_subsequence_of
http://purl.obolibrary.org/obo/RO_0002606,ObjectProperty,is_substance_that_treats
http://purl.obolibrary.org/obo/RO_0002465,ObjectProperty,is_symbiosis
http://purl.obolibrary.org/obo/RO_0002561,AnnotationProperty,is_symmetric_relational_form_of_process_class
http://purl.obolibrary.org/obo/RO_0002302,ObjectProperty,is_treated_by_substance
http://purl.obolibrary.org/obo/RO_0002482,ObjectProperty,is_ubiquitination
http://purl.obolibrary.org/obo/RO_0002528,ObjectProperty,is_upstream_of_sequence_of
http://purl.obolibrary.org/obo/RO_0002459,ObjectProperty,is_vector_for
http://www.w3.org/2000/01/rdf-schema#isDefinedBy,AnnotationProperty,is_defined_by
http://swrl.stanford.edu/ontologies/3.3/swrla.owl#isRuleEnabled,AnnotationProperty,isruleenabled_swrl
http://purl.obolibrary.org/obo/fbbt#IUPAC_NAME,AnnotationProperty,iupac_name_fbbthash
http://xmlns.com/foaf/0.1/jabberID,DataProperty,jabber_id
http://purl.obolibrary.org/obo/RO_0002626,ObjectProperty,kills
http://purl.obolibrary.org/obo/RO_0008503,ObjectProperty,kleptoparasite_of
http://purl.obolibrary.org/obo/RO_0008504,ObjectProperty,kleptoparasitized_by
http://xmlns.com/foaf/0.1/knows,ObjectProperty,knows
http://purl.obolibrary.org/obo/fbbt#syngo_official_label,AnnotationProperty,label_approved_by_the_syngo_project_fbbthash
http://www.w3.org/2000/01/rdf-schema#label,AnnotationProperty,label_rdfs
http://purl.obolibrary.org/obo/fbbt#larval_OF,AnnotationProperty,larval_of_fbbthash
http://xmlns.com/foaf/0.1/lastName,DataProperty,lastname
http://purl.obolibrary.org/obo/RO_0002624,ObjectProperty,lays_eggs_in
http://purl.obolibrary.org/obo/RO_0008507,ObjectProperty,lays_eggs_on
http://www.w3.org/2000/01/rdf-schema#Literal,Datatype,literal
http://purl.obolibrary.org/obo/RO_0001025,ObjectProperty,located_in
http://purl.obolibrary.org/obo/RO_0001015,ObjectProperty,location_of
http://purl.obolibrary.org/obo/RO_0002416,AnnotationProperty,logical_macro_assertion
http://purl.obolibrary.org/obo/RO_0002601,AnnotationProperty,logical_macro_assertion_involving_identity
http://purl.obolibrary.org/obo/RO_0002420,AnnotationProperty,logical_macro_assertion_on_a_class
http://purl.obolibrary.org/obo/RO_0002421,AnnotationProperty,logical_macro_assertion_on_a_property
http://purl.obolibrary.org/obo/RO_0002423,AnnotationProperty,logical_macro_assertion_on_an_annotation_property
http://purl.obolibrary.org/obo/RO_0002580,AnnotationProperty,logical_macro_assertion_on_an_axiom
http://purl.obolibrary.org/obo/RO_0002422,AnnotationProperty,logical_macro_assertion_on_an_object_property
http://xmlns.com/foaf/0.1/logo,ObjectProperty,logo
http://purl.obolibrary.org/obo/so#lost,ObjectProperty,lost_so
http://purl.obolibrary.org/obo/RO_0002571,ObjectProperty,lumen_of
http://purl.obolibrary.org/obo/RO_0002572,ObjectProperty,luminal_space_of
http://xmlns.com/foaf/0.1/made,ObjectProperty,made
http://purl.obolibrary.org/obo/RO_0002381,ObjectProperty,main_stem_of
http://xmlns.com/foaf/0.1/maker,ObjectProperty,maker
http://purl.obolibrary.org/obo/FBbi_00000346,ObjectProperty,makes_use_of_fbbi
http://purl.obolibrary.org/obo/so#maximally_overlaps,ObjectProperty,maximally_overlaps_so
http://purl.obolibrary.org/obo/RO_0002536,AnnotationProperty,measurement_property_has_unit
http://xmlns.com/foaf/0.1/member,ObjectProperty,member
http://purl.obolibrary.org/obo/RO_0002350,ObjectProperty,member_of
http://purl.obolibrary.org/obo/so#member_of,ObjectProperty,member_of_so
http://xmlns.com/foaf/0.1/membershipClass,AnnotationProperty,membershipclass
http://purl.obolibrary.org/obo/RO_0002323,ObjectProperty,mereotopologically_related_to
http://purl.obolibrary.org/obo/RO_0002636,ObjectProperty,mesoparasite_of
http://purl.obolibrary.org/obo/fbbt#mf_needs_review,AnnotationProperty,mf_needs_review_fbbthash
http://purl.obolibrary.org/obo/RO_0002564,ObjectProperty,molecular_interaction_relation_helper_property
http://purl.obolibrary.org/obo/RO_0002436,ObjectProperty,molecularly_interacts_with
http://purl.obolibrary.org/obo/RO_0002545,AnnotationProperty,month_of_gestation
http://purl.obolibrary.org/obo/pato#mpath_slim,AnnotationProperty,mpath_slim_pato
http://xmlns.com/foaf/0.1/msnChatID,DataProperty,msn_chat_id
http://purl.obolibrary.org/obo/RO_0002442,ObjectProperty,mutualistically_interacts_with
http://purl.obolibrary.org/obo/RO_0002171,AnnotationProperty,mutually_spatially_disjoint_with
http://xmlns.com/foaf/0.1/myersBriggs,DataProperty,myersbriggs
http://xmlns.com/foaf/0.1/name,AnnotationProperty,name
http://purl.obolibrary.org/obo/RO_0002335,ObjectProperty,negatively_regulated_by
http://purl.obolibrary.org/obo/RO_0002212,ObjectProperty,negatively_regulates
http://purl.obolibrary.org/obo/fbbt/vfb#neuron,AnnotationProperty,neuron_fvfbh
http://purl.obolibrary.org/obo/RO_0002161,AnnotationProperty,never_in_taxon
http://xmlns.com/foaf/0.1/nick,DataProperty,nickname
http://purl.obolibrary.org/obo/so#non_functional_homolog_of,ObjectProperty,non_functional_homolog_of_so
http://purl.obolibrary.org/obo/fbbt/vfb#ns_part,AnnotationProperty,ns_part_fvfbh
http://purl.org/oban/object_has_association,ObjectProperty,object_has_association_oban
http://purl.obolibrary.org/obo/RO_0002227,ObjectProperty,obligate_parasite_of
http://purl.obolibrary.org/obo/IAO_0000589,AnnotationProperty,obo_foundry_unique_label
http://purl.obolibrary.org/obo/RO_0002402,ObjectProperty,obsolete_has_direct_output
http://purl.obolibrary.org/obo/RO_0002401,ObjectProperty,obsolete_has_indirect_input
http://purl.obolibrary.org/obo/RO_0002403,ObjectProperty,obsolete_has_indirect_output
http://purl.obolibrary.org/obo/BFO_0000060,ObjectProperty,obsolete_preceded_by
http://purl.obolibrary.org/obo/RO_0002012,ObjectProperty,occurent_part_of
http://purl.obolibrary.org/obo/RO_0002021,ObjectProperty,occurs_across
http://purl.obolibrary.org/obo/BFO_0000066,ObjectProperty,occurs_in
http://purl.obolibrary.org/obo/fbbt#olfactory_system_draft,AnnotationProperty,olfactory_system_draft_fbbthash
http://purl.obolibrary.org/obo/RO_0002160,ObjectProperty,only_in_taxon
http://xmlns.com/foaf/0.1/openid,ObjectProperty,openid
http://purl.obolibrary.org/obo/so#orthologous_to,ObjectProperty,orthologous_to_so
http://purl.obolibrary.org/obo/RO_0002353,ObjectProperty,output_of
http://purl.obolibrary.org/obo/RO_0002245,ObjectProperty,overexpressed_in
http://purl.obolibrary.org/obo/RO_0002131,ObjectProperty,overlaps
http://purl.obolibrary.org/obo/RO_0002526,ObjectProperty,overlaps_sequence_of
http://purl.obolibrary.org/obo/so#overlaps,ObjectProperty,overlaps_so
http://xmlns.com/foaf/0.1/page,AnnotationProperty,page
http://purl.obolibrary.org/obo/so#paralogous_to,ObjectProperty,paralogous_to_so
http://purl.obolibrary.org/obo/RO_0002444,ObjectProperty,parasite_of
http://purl.obolibrary.org/obo/RO_0002445,ObjectProperty,parasitized_by
http://purl.obolibrary.org/obo/RO_0002208,ObjectProperty,parasitoid_of
http://purl.obolibrary.org/obo/BFO_0000050,ObjectProperty,part_of
http://purl.obolibrary.org/obo/RO_0002287,ObjectProperty,part_of_developmental_precursor_of
http://purl.obolibrary.org/obo/so#part_of,ObjectProperty,part_of_so
http://purl.obolibrary.org/obo/RO_0002329,ObjectProperty,part_of_structure_that_is_capable_of
http://purl.obolibrary.org/obo/so#partial_evidence_for_feature,ObjectProperty,partial_evidence_for_feature_so
http://purl.obolibrary.org/obo/RO_0002151,ObjectProperty,partially_overlaps
http://purl.obolibrary.org/obo/RO_0000056,ObjectProperty,participates_in
http://purl.obolibrary.org/obo/RO_0002446,ObjectProperty,participates_in_a_abioticbiotic_interaction_with
http://purl.obolibrary.org/obo/RO_0002574,ObjectProperty,participates_in_a_bioticbiotic_interaction_with
http://purl.obolibrary.org/obo/RO_0002461,ObjectProperty,partner_in
http://xmlns.com/foaf/0.1/pastProject,ObjectProperty,past_project
http://purl.obolibrary.org/obo/RO_0002556,ObjectProperty,pathogen_of
http://xmlns.com/foaf/0.1/mbox,ObjectProperty,personal_mailbox
http://purl.obolibrary.org/obo/RO_0002201,ObjectProperty,phenotype_of
http://xmlns.com/foaf/0.1/phone,ObjectProperty,phone
http://purl.obolibrary.org/obo/RO_0002447,ObjectProperty,phosphorylates
http://www.w3.org/1999/02/22-rdf-syntax-ns#PlainLiteral,Datatype,plainliteral_rdf
http://xmlns.com/foaf/0.1/plan,DataProperty,plan
http://purl.obolibrary.org/obo/RO_0002456,ObjectProperty,pollinated_by
http://purl.obolibrary.org/obo/RO_0002455,ObjectProperty,pollinates
http://purl.obolibrary.org/obo/so#position_of,ObjectProperty,position_of_so
http://purl.obolibrary.org/obo/RO_0002336,ObjectProperty,positively_regulated_by
http://purl.obolibrary.org/obo/RO_0002213,ObjectProperty,positively_regulates
http://purl.obolibrary.org/obo/BFO_0000062,ObjectProperty,preceded_by
http://purl.obolibrary.org/obo/BFO_0000063,ObjectProperty,precedes
http://purl.obolibrary.org/obo/RO_0002175,AnnotationProperty,present_in_taxon
http://purl.obolibrary.org/obo/RO_0002458,ObjectProperty,preyed_upon_by
http://purl.obolibrary.org/obo/RO_0002439,ObjectProperty,preys_on
http://xmlns.com/foaf/0.1/primaryTopic,ObjectProperty,primary_topic
http://purl.obolibrary.org/obo/RO_0002608,ObjectProperty,process_has_causal_agent
http://purl.obolibrary.org/obo/so#processed_from,ObjectProperty,processed_from_so
http://purl.obolibrary.org/obo/so#processed_into,ObjectProperty,processed_into_so
http://purl.obolibrary.org/obo/RO_0003001,ObjectProperty,produced_by
http://purl.obolibrary.org/obo/RO_0003000,ObjectProperty,produces
http://purl.obolibrary.org/obo/RO_0002382,ObjectProperty,proper_distributary_of
http://purl.obolibrary.org/obo/RO_0002383,ObjectProperty,proper_tributary_of
http://purl.obolibrary.org/obo/RO_0002469,ObjectProperty,provides_nutrients_for
http://xmlns.com/foaf/0.1/publications,ObjectProperty,publications
http://purl.org/dc/elements/1.1/publisher,AnnotationProperty,publisher_dce
http://purl.obolibrary.org/obo/RO_0000080,ObjectProperty,quality_of
http://purl.obolibrary.org/obo/fbbt#RD,AnnotationProperty,rd_fbbthash
http://purl.obolibrary.org/obo/RO_0004017,ObjectProperty,realizable_has_basis_in
http://purl.obolibrary.org/obo/BFO_0000054,ObjectProperty,realized_in
http://purl.obolibrary.org/obo/RO_0009501,ObjectProperty,realized_in_response_to
http://purl.obolibrary.org/obo/RO_0004028,ObjectProperty,realized_in_response_to_stimulus
http://purl.obolibrary.org/obo/BFO_0000055,ObjectProperty,realizes
http://purl.obolibrary.org/obo/RO_0002485,ObjectProperty,receives_input_from
http://purl.obolibrary.org/obo/so#recombined_from,ObjectProperty,recombined_from_so
http://purl.obolibrary.org/obo/so#recombined_to,ObjectProperty,recombined_to_so
http://purl.obolibrary.org/obo/RO_0002334,ObjectProperty,regulated_by
http://purl.obolibrary.org/obo/RO_0002211,ObjectProperty,regulates
http://purl.obolibrary.org/obo/RO_0011002,ObjectProperty,regulates_activity_of
http://purl.obolibrary.org/obo/RO_0002010,ObjectProperty,regulates_in_other_organism
http://purl.obolibrary.org/obo/RO_0002332,ObjectProperty,regulates_levels_of
http://purl.obolibrary.org/obo/RO_0002011,ObjectProperty,regulates_transport_of
http://purl.obolibrary.org/obo/RO_0002609,ObjectProperty,related_via_dependence_to
http://purl.obolibrary.org/obo/RO_0002616,ObjectProperty,related_via_evidence_or_inference_to
http://purl.obolibrary.org/obo/RO_0002244,ObjectProperty,related_via_exposure_to
http://purl.obolibrary.org/obo/RO_0002337,ObjectProperty,related_via_localization_to
http://purl.obolibrary.org/obo/RO_0002487,ObjectProperty,relation_between_structure_and_stage
http://purl.obolibrary.org/obo/RO_0002111,ObjectProperty,releases_neurotransmitter
http://purl.obolibrary.org/obo/fbbt#releases_neurotransmitter,ObjectProperty,releases_neurotransmitter_fbbthash
http://purl.obolibrary.org/obo/RO_0003002,ObjectProperty,represses_expression_of
http://purl.obolibrary.org/obo/RO_0002315,ObjectProperty,results_in_acquisition_of_features_of
http://purl.obolibrary.org/obo/RO_0002588,ObjectProperty,results_in_assembly_of
http://purl.obolibrary.org/obo/RO_0002586,ObjectProperty,results_in_breakdown_of
http://purl.obolibrary.org/obo/RO_0002589,ObjectProperty,results_in_catabolism_of
http://purl.obolibrary.org/obo/RO_0002585,ObjectProperty,results_in_closure_of
http://purl.obolibrary.org/obo/RO_0002348,ObjectProperty,results_in_commitment_to
http://purl.obolibrary.org/obo/RO_0002349,ObjectProperty,results_in_determination_of
http://purl.obolibrary.org/obo/RO_0002296,ObjectProperty,results_in_development_of
http://purl.obolibrary.org/obo/RO_0002357,ObjectProperty,results_in_developmental_induction_of
http://purl.obolibrary.org/obo/RO_0002295,ObjectProperty,results_in_developmental_progression_of
http://purl.obolibrary.org/obo/RO_0002301,ObjectProperty,results_in_developmental_regression_of
http://purl.obolibrary.org/obo/RO_0002300,ObjectProperty,results_in_disappearance_of
http://purl.obolibrary.org/obo/RO_0002590,ObjectProperty,results_in_disassembly_of
http://purl.obolibrary.org/obo/RO_0002552,ObjectProperty,results_in_ending_of
http://purl.obolibrary.org/obo/RO_0002297,ObjectProperty,results_in_formation_of
http://purl.obolibrary.org/obo/RO_0002343,ObjectProperty,results_in_growth_of
http://purl.obolibrary.org/obo/RO_0002299,ObjectProperty,results_in_maturation_of
http://purl.obolibrary.org/obo/RO_0002298,ObjectProperty,results_in_morphogenesis_of
http://purl.obolibrary.org/obo/RO_0002565,ObjectProperty,results_in_movement_of
http://purl.obolibrary.org/obo/RO_0002592,ObjectProperty,results_in_organization_of
http://purl.obolibrary.org/obo/RO_0002591,ObjectProperty,results_in_remodeling_of
http://purl.obolibrary.org/obo/RO_0002356,ObjectProperty,results_in_specification_of
http://purl.obolibrary.org/obo/RO_0002355,ObjectProperty,results_in_structural_organization_of
http://purl.obolibrary.org/obo/RO_0002587,ObjectProperty,results_in_synthesis_of
http://purl.obolibrary.org/obo/RO_0002342,ObjectProperty,results_in_transport_across
http://purl.obolibrary.org/obo/RO_0002341,ObjectProperty,results_in_transport_along
http://purl.obolibrary.org/obo/RO_0002344,ObjectProperty,results_in_transport_to_from_or_in
http://purl.obolibrary.org/obo/RO_0002512,ObjectProperty,ribosomal_translation_of
http://purl.obolibrary.org/obo/RO_0002513,ObjectProperty,ribosomally_translates_to
http://purl.org/dc/elements/1.1/rights,AnnotationProperty,rights_dce
http://purl.obolibrary.org/obo/so#RNAMOD,AnnotationProperty,rna_modification_so
http://purl.obolibrary.org/obo/RO_0000081,ObjectProperty,role_of
http://purl.obolibrary.org/obo/RO_0002236,ObjectProperty,root_parasite_of
http://www.geneontology.org/formats/oboInOwl#saved-by,AnnotationProperty,savedby
http://purl.obolibrary.org/obo/pato#scalar_slim,AnnotationProperty,scalar_slim_pato
http://xmlns.com/foaf/0.1/schoolHomepage,ObjectProperty,schoolhomepage
http://purl.obolibrary.org/obo/fbbt#secretes_hormone,ObjectProperty,secretes_hormone_fbbthash
http://www.w3.org/2000/01/rdf-schema#seeAlso,AnnotationProperty,see_also
http://purl.obolibrary.org/obo/RO_0002486,ObjectProperty,sends_output_to
http://purl.obolibrary.org/obo/so#sequence_of,ObjectProperty,sequence_of_so
http://purl.obolibrary.org/obo/RO_0002515,ObjectProperty,sequentially_adjacent_to
http://purl.obolibrary.org/obo/RO_0002514,ObjectProperty,sequentially_related_to
http://purl.obolibrary.org/obo/RO_0002159,ObjectProperty,serially_homologous_to
http://xmlns.com/foaf/0.1/sha1,DataProperty,sha1sum_hex
http://xmlns.com/foaf/0.1/mbox_sha1sum,DataProperty,sha1sum_of_a_personal_mailbox_uri_name
http://purl.obolibrary.org/obo/RO_0002158,ObjectProperty,shares_ancestor_with
http://www.geneontology.org/formats/oboInOwl#shorthand,AnnotationProperty,shorthand
http://purl.obolibrary.org/obo/so#similar_to,ObjectProperty,similar_to_so
http://purl.obolibrary.org/obo/RO_0002082,ObjectProperty,simultaneous_with
http://purl.obolibrary.org/obo/RO_0002576,ObjectProperty,skeleton_of
http://xmlns.com/foaf/0.1/skypeID,DataProperty,skype_id
http://purl.obolibrary.org/obo/fbbt#SMILES,AnnotationProperty,smiles_fbbthash
http://purl.obolibrary.org/obo/so#SOFA,AnnotationProperty,sofa_so
http://purl.obolibrary.org/obo/fbbt/vfb/VFBext_0000005,AnnotationProperty,source_data_link
http://purl.org/dc/elements/1.1/source,AnnotationProperty,source_dce
http://purl.obolibrary.org/obo/RO_0002379,ObjectProperty,spatially_coextensive_with
http://purl.obolibrary.org/obo/RO_0002163,ObjectProperty,spatially_disjoint_from
http://xmlns.com/wot/0.1/src_assurance,AnnotationProperty,src_assurance_wot
http://purl.obolibrary.org/obo/RO_0002547,AnnotationProperty,start_days_post_coitum
http://purl.obolibrary.org/obo/RO_0002539,AnnotationProperty,start_days_post_fertilization
http://purl.obolibrary.org/obo/RO_0002543,AnnotationProperty,start_months_post_birth
http://purl.obolibrary.org/obo/RO_0002549,AnnotationProperty,start_weeks_post_birth
http://purl.obolibrary.org/obo/RO_0002541,AnnotationProperty,start_years_post_birth
http://purl.obolibrary.org/obo/so#started_by,ObjectProperty,started_by_so
http://purl.obolibrary.org/obo/RO_0002223,ObjectProperty,starts
http://purl.obolibrary.org/obo/RO_0002089,ObjectProperty,starts_before
http://purl.obolibrary.org/obo/RO_0002091,ObjectProperty,starts_during
http://purl.obolibrary.org/obo/so#starts,ObjectProperty,starts_so
http://purl.obolibrary.org/obo/RO_0002224,ObjectProperty,starts_with
http://xmlns.com/foaf/0.1/status,DataProperty,status
http://purl.obolibrary.org/obo/RO_0002235,ObjectProperty,stem_parasite_of
http://www.w3.org/2001/XMLSchema#string,Datatype,string_xsd
http://purl.org/oban/subject_has_association,ObjectProperty,subject_has_association_oban
http://purl.obolibrary.org/obo/RO_0002462,ObjectProperty,subject_participant_in
http://www.geneontology.org/formats/oboInOwl#SubsetProperty,AnnotationProperty,subset_property
http://purl.obolibrary.org/obo/RO_0002178,ObjectProperty,supplies
http://xmlns.com/foaf/0.1/surname,DataProperty,surname
http://purl.obolibrary.org/obo/RO_0002219,ObjectProperty,surrounded_by
http://purl.obolibrary.org/obo/RO_0002221,ObjectProperty,surrounds
http://purl.obolibrary.org/obo/RO_0002440,ObjectProperty,symbiotically_interacts_with
http://purl.obolibrary.org/obo/RO_0002103,ObjectProperty,synapsed_by
http://purl.obolibrary.org/obo/RO_0002109,ObjectProperty,synapsed_by_type_ib_bouton_of
http://purl.obolibrary.org/obo/RO_0002108,ObjectProperty,synapsed_by_type_ii_bouton_of
http://purl.obolibrary.org/obo/RO_0002115,ObjectProperty,synapsed_by_type_iii_bouton_of
http://purl.obolibrary.org/obo/RO_0002112,ObjectProperty,synapsed_by_type_is_bouton_of
http://purl.obolibrary.org/obo/RO_0002120,ObjectProperty,synapsed_to
http://purl.obolibrary.org/obo/RO_0002105,ObjectProperty,synapsed_via_type_ib_bouton_to
http://purl.obolibrary.org/obo/RO_0002107,ObjectProperty,synapsed_via_type_ii_bouton_to
http://purl.obolibrary.org/obo/RO_0002114,ObjectProperty,synapsed_via_type_iii_bouton_to
http://purl.obolibrary.org/obo/RO_0002106,ObjectProperty,synapsed_via_type_is_bouton_to
http://purl.obolibrary.org/obo/fbbt/vfb#synaptic_neuropil,AnnotationProperty,synaptic_neuropil_fvfbh
http://www.geneontology.org/formats/oboInOwl#SynonymTypeProperty,AnnotationProperty,synonym_type_property
http://purl.obolibrary.org/obo/fbbt#systematic_synonym,AnnotationProperty,systematic_synonym_fbbthash
http://purl.obolibrary.org/obo/RO_0002463,ObjectProperty,target_participant_in
http://purl.obolibrary.org/obo/RO_0002172,AnnotationProperty,taxonomic_class_assertion
http://purl.obolibrary.org/obo/RO_0001900,AnnotationProperty,temporal_interpretation
http://purl.obolibrary.org/obo/RO_0002535,AnnotationProperty,temporal_logical_macro_assertion_on_a_class
http://purl.obolibrary.org/obo/RO_0002222,ObjectProperty,temporally_related_to
http://purl.obolibrary.org/obo/IAO_0000117,AnnotationProperty,term_editor
http://purl.obolibrary.org/obo/IAO_0100001,AnnotationProperty,term_replaced_by
http://www.w3.org/2003/06/sw-vocab-status/ns#term_status,AnnotationProperty,term_status_sw
http://purl.obolibrary.org/obo/fbbt#termgenie_unvetted,AnnotationProperty,termgenie_unvetted_fbbthash
http://xmlns.com/foaf/0.1/theme,ObjectProperty,theme
http://xmlns.com/foaf/0.1/thumbnail,ObjectProperty,thumbnail
http://xmlns.com/foaf/0.1/tipjar,ObjectProperty,tipjar
http://purl.org/dc/terms/title,AnnotationProperty,title
http://purl.org/dc/elements/1.1/title,AnnotationProperty,title_dce
http://xmlns.com/foaf/0.1/title,DataProperty,title_foaf
http://purl.obolibrary.org/obo/fbbt#TL_lineage_clone,AnnotationProperty,tl_lineage_clone_fbbthash
http://xmlns.com/foaf/0.1/topic,ObjectProperty,topic
http://xmlns.com/foaf/0.1/topic_interest,ObjectProperty,topic_interest
http://www.w3.org/2002/07/owl#topObjectProperty,ObjectProperty,topobjectproperty_owl
http://purl.obolibrary.org/obo/RO_0002503,ObjectProperty,towards
http://purl.obolibrary.org/obo/RO_0002004,ObjectProperty,tracheates
http://purl.obolibrary.org/obo/fbbt/vfb#tract,AnnotationProperty,tract_fvfbh
http://purl.obolibrary.org/obo/so#trans_spliced_from,ObjectProperty,trans_spliced_from_so
http://purl.obolibrary.org/obo/so#trans_spliced_to,ObjectProperty,trans_spliced_to_so
http://purl.obolibrary.org/obo/RO_0002510,ObjectProperty,transcribed_from
http://purl.obolibrary.org/obo/so#transcribed_from,ObjectProperty,transcribed_from_so
http://purl.obolibrary.org/obo/RO_0002511,ObjectProperty,transcribed_to
http://purl.obolibrary.org/obo/so#transcribed_to,ObjectProperty,transcribed_to_so
http://purl.obolibrary.org/obo/RO_0002494,ObjectProperty,transformation_of
http://purl.obolibrary.org/obo/RO_0002414,ObjectProperty,transitively_provides_input_for
http://purl.obolibrary.org/obo/so#translates_to,ObjectProperty,translates_to_so
http://purl.obolibrary.org/obo/so#translation_of,ObjectProperty,translation_of_so
http://purl.obolibrary.org/obo/RO_0002451,ObjectProperty,transmitted_by
http://purl.obolibrary.org/obo/RO_0002020,ObjectProperty,transports
http://purl.obolibrary.org/obo/RO_0002313,ObjectProperty,transports_or_maintains_localization_of
http://purl.obolibrary.org/obo/RO_0002376,ObjectProperty,tributary_of
http://purl.obolibrary.org/obo/RO_0002438,ObjectProperty,trophically_interacts_with
http://purl.obolibrary.org/obo/RO_0002480,ObjectProperty,ubiquitinates
http://purl.obolibrary.org/obo/RO_0002291,ObjectProperty,ubiquitously_expressed_in
http://purl.obolibrary.org/obo/RO_0002293,ObjectProperty,ubiquitously_expresses
http://purl.obolibrary.org/obo/RO_0002246,ObjectProperty,under_expressed_in
http://purl.obolibrary.org/obo/RO_0000301,ObjectProperty,upstream_in_neural_circuit_with
http://purl.obolibrary.org/obo/pato#value_slim,AnnotationProperty,value_slim
http://purl.obolibrary.org/obo/so#VAR,AnnotationProperty,variant_annotation_term
http://purl.obolibrary.org/obo/so#variant_of,ObjectProperty,variant_of_so
http://purl.obolibrary.org/obo/fbbt#VFB_SYMBOL,AnnotationProperty,vfb_symbol
http://purl.obolibrary.org/obo/fbbt#virus_checked,AnnotationProperty,virus_checked
http://purl.obolibrary.org/obo/RO_0002619,ObjectProperty,visited_by
http://purl.obolibrary.org/obo/RO_0002618,ObjectProperty,visits
http://purl.obolibrary.org/obo/RO_0002622,ObjectProperty,visits_flowers_of
http://xmlns.com/foaf/0.1/weblog,ObjectProperty,weblog
http://xmlns.com/foaf/0.1/workInfoHomepage,ObjectProperty,work_info_homepage
http://xmlns.com/foaf/0.1/workplaceHomepage,ObjectProperty,workplace_homepage
http://xmlns.com/foaf/0.1/yahooChatID,DataProperty,yahoo_chat_id
http://purl.obolibrary.org/obo/fbbt#goslim_ChEMBL,AnnotationProperty,goslim_chembl_c_fbbthash
http://purl.obolibrary.org/obo/UBREL_0000002,AnnotationProperty,ubrel_two